,SPTR5BNK Index,DJITR Index,SPXT Index,XAUUSD Curncy,XAGUSD Curncy,LT09TRUU Index,LD12TRUU Index
SPTR5BNK Index,1.0,0.7741317848929534,0.763912847908517,-0.12148325411972931,0.03886182404608529,-0.3823451521482969,-0.007441557310572805
DJITR Index,0.7741317848929534,1.0,0.9601616065048496,-0.04799230385277406,0.11379993703160361,-0.33268302522281384,-0.017275782936860277
SPXT Index,0.763912847908517,0.9601616065048496,1.0,-0.021234939511248198,0.14207555557434517,-0.3262880353365831,-0.013746849495962964
XAUUSD Curncy,-0.12148325411972931,-0.04799230385277406,-0.021234939511248198,1.0,0.7771961672762809,0.23493374304453996,0.0199044604193994
XAGUSD Curncy,0.03886182404608529,0.11379993703160361,0.14207555557434517,0.7771961672762809,1.0,0.09827408147985571,-0.013897014079457249
LT09TRUU Index,-0.3823451521482969,-0.33268302522281384,-0.3262880353365831,0.23493374304453996,0.09827408147985571,1.0,0.06749756508647733
LD12TRUU Index,-0.007441557310572805,-0.017275782936860277,-0.013746849495962964,0.0199044604193994,-0.013897014079457249,0.06749756508647733,1.0
