,SPTR5BNK Index,DJITR Index,SPXT Index,XAUUSD Curncy,XAGUSD Curncy,LT09TRUU Index,LD12TRUU Index
SPTR5BNK Index,1.0,0.8018925843270026,0.7280917855413198,-0.010351209468157162,0.18751046951208555,-0.13842883011832763,0.0368548736557714
DJITR Index,0.8018925843270026,1.0,0.9519114078106524,0.09614505573102691,0.2780567936152072,0.036583035275161234,0.06915891470602956
SPXT Index,0.7280917855413198,0.9519114078106524,1.0,0.10691755236035849,0.2888677992659188,0.063227491317769,0.040000138668728244
XAUUSD Curncy,-0.010351209468157162,0.09614505573102691,0.10691755236035849,1.0,0.7795459172942436,0.42369299899287177,-0.030626362591701886
XAGUSD Curncy,0.18751046951208555,0.2780567936152072,0.2888677992659188,0.7795459172942436,1.0,0.27230924289732034,0.024516338657392743
LT09TRUU Index,-0.13842883011832763,0.036583035275161234,0.063227491317769,0.42369299899287177,0.27230924289732034,1.0,0.042790596470375745
LD12TRUU Index,0.0368548736557714,0.06915891470602956,0.040000138668728244,-0.030626362591701886,0.024516338657392743,0.042790596470375745,1.0
