,SPTR5BNK Index,DJITR Index,SPXT Index,XAUUSD Curncy,XAGUSD Curncy,LT09TRUU Index,LD12TRUU Index
SPTR5BNK Index,1.0,0.7876108394493365,0.7990806436416292,-0.14107836564819431,0.004176032924809213,-0.2941351200702722,-0.10078612693517403
DJITR Index,0.7876108394493365,1.0,0.975189834165744,-0.03159533433627727,0.1278976991505135,-0.27601228567995906,-0.07654759742237943
SPXT Index,0.7990806436416292,0.975189834165744,1.0,-0.02648474126000008,0.13599920309762306,-0.2788895190635237,-0.0890798485511738
XAUUSD Curncy,-0.14107836564819431,-0.03159533433627727,-0.02648474126000008,1.0,0.7647723371846156,0.168003631413376,0.03641435005149055
XAGUSD Curncy,0.004176032924809213,0.1278976991505135,0.13599920309762306,0.7647723371846156,1.0,0.04336665398863829,-0.013430042477444887
LT09TRUU Index,-0.2941351200702722,-0.27601228567995906,-0.2788895190635237,0.168003631413376,0.04336665398863829,1.0,0.15569609467156437
LD12TRUU Index,-0.10078612693517403,-0.07654759742237943,-0.0890798485511738,0.03641435005149055,-0.013430042477444887,0.15569609467156437,1.0
