,SPTR5BNK Index,DJITR Index,SPXT Index,XAUUSD Curncy,XAGUSD Curncy,LT09TRUU Index,LD12TRUU Index
SPTR5BNK Index,1.0,0.7527659444329524,0.7820987448096732,0.061232863627672156,0.2031889546864667,-0.22004827890188378,-0.15516153920293427
DJITR Index,0.7527659444329524,1.0,0.9865931760592392,0.23406025877125702,0.40646959638111063,-0.3415273078766738,-0.24288867741031236
SPXT Index,0.7820987448096732,0.9865931760592392,1.0,0.24724289289419907,0.4237658429387468,-0.3412449397618161,-0.2354193883504497
XAUUSD Curncy,0.061232863627672156,0.23406025877125702,0.24724289289419907,1.0,0.7787305889367718,0.08484957580735022,-0.12123739322628617
XAGUSD Curncy,0.2031889546864667,0.40646959638111063,0.4237658429387468,0.7787305889367718,1.0,-0.10712080089652982,-0.13490490297313487
LT09TRUU Index,-0.22004827890188378,-0.3415273078766738,-0.3412449397618161,0.08484957580735022,-0.10712080089652982,1.0,0.13376304144479184
LD12TRUU Index,-0.15516153920293427,-0.24288867741031236,-0.2354193883504497,-0.12123739322628617,-0.13490490297313487,0.13376304144479184,1.0
