,SPTR5BNK Index,DJITR Index,SPXT Index,XAUUSD Curncy,XAGUSD Curncy,LT09TRUU Index,LD12TRUU Index
SPTR5BNK Index,0.00020533194643417466,0.00010544357415767038,0.00010804323123721196,-1.7051409692092964e-05,9.394743509876056e-06,-2.0311797505404227e-05,-9.816314445891763e-09
DJITR Index,0.00010544357415767038,9.03553586629045e-05,9.008381726287818e-05,-4.468524734727904e-06,1.8249562749832777e-05,-1.172390005170241e-05,-1.5117189760121877e-08
SPXT Index,0.00010804323123721196,9.008381726287818e-05,9.742063938572369e-05,-2.0530150194288376e-06,2.3658016774741684e-05,-1.1939637598460883e-05,-1.249064986820027e-08
XAUUSD Curncy,-1.7051409692092964e-05,-4.468524734727904e-06,-2.0530150194288376e-06,9.59469604704973e-05,0.00012843392216514913,8.531502391829029e-06,1.794826150108444e-08
XAGUSD Curncy,9.394743509876056e-06,1.8249562749832777e-05,2.3658016774741684e-05,0.00012843392216514913,0.00028462101902766517,6.146628795639972e-06,-2.1582977153019425e-08
LT09TRUU Index,-2.0311797505404227e-05,-1.172390005170241e-05,-1.1939637598460883e-05,8.531502391829029e-06,6.146628795639972e-06,1.3744502241226243e-05,2.3036101500708993e-08
LD12TRUU Index,-9.816314445891763e-09,-1.5117189760121877e-08,-1.249064986820027e-08,1.794826150108444e-08,-2.1582977153019425e-08,2.3036101500708993e-08,8.474473729992382e-09
