,SPTR5BNK Index,DJITR Index,SPXT Index,XAUUSD Curncy,XAGUSD Curncy,LT09TRUU Index,LD12TRUU Index
SPTR5BNK Index,0.0035047267406740673,0.0009354475787298705,0.0010709649953749504,5.3415170492768696e-05,0.0002923716838248817,-8.18578016324704e-05,-3.0962133906071403e-07
DJITR Index,0.0009354475787298705,0.0004406206247983111,0.00047902383612356467,7.239574796702304e-05,0.0002073808303134741,-4.5047725260229054e-05,-1.7185390514482678e-07
SPXT Index,0.0010709649953749504,0.00047902383612356467,0.0005350239362494177,8.426813652287187e-05,0.00023824329445733052,-4.959842047357981e-05,-1.8354753542956924e-07
XAUUSD Curncy,5.3415170492768696e-05,7.239574796702304e-05,8.426813652287187e-05,0.0002171230521012945,0.000278899884047213,7.85629283547369e-06,-6.021563655912858e-08
XAGUSD Curncy,0.0002923716838248817,0.0002073808303134741,0.00023824329445733052,0.000278899884047213,0.0005907670485418214,-1.636051471031168e-05,-1.1052374443844268e-07
LT09TRUU Index,-8.18578016324704e-05,-4.5047725260229054e-05,-4.959842047357981e-05,7.85629283547369e-06,-1.636051471031168e-05,3.948480883887962e-05,2.8331585492402267e-08
LD12TRUU Index,-3.0962133906071403e-07,-1.7185390514482678e-07,-1.8354753542956924e-07,-6.021563655912858e-08,-1.1052374443844268e-07,2.8331585492402267e-08,1.1361598778413366e-09
