,SPTR5BNK Index,DJITR Index,SPXT Index,XAUUSD Curncy,XAGUSD Curncy,LT09TRUU Index,LD12TRUU Index
SPTR5BNK Index,0.0005684827131285354,0.00025689424763870395,0.00026825166489276834,-4.201983434884419e-05,2.374447035175172e-06,-3.293199343285304e-05,-3.7259162236399365e-07
DJITR Index,0.00025689424763870395,0.00018714064741113108,0.00018783062907548926,-5.399360236509918e-06,4.172407684105249e-05,-1.7730663316533703e-05,-1.6236384444610766e-07
SPXT Index,0.00026825166489276834,0.00018783062907548926,0.00019823775364034304,-4.658265128736065e-06,4.566353075038046e-05,-1.8439022026502337e-05,-1.944671958687413e-07
XAUUSD Curncy,-4.201983434884419e-05,-5.399360236509918e-06,-4.658265128736065e-06,0.0001560524421009497,0.00022782815666183822,9.85522308928927e-06,7.053124427446439e-08
XAGUSD Curncy,2.374447035175172e-06,4.172407684105249e-05,4.566353075038046e-05,0.00022782815666183822,0.0005686956183370651,4.856331915517545e-06,-4.965820595497762e-08
LT09TRUU Index,-3.293199343285304e-05,-1.7730663316533703e-05,-1.8439022026502337e-05,9.85522308928927e-06,4.856331915517545e-06,2.205083358472639e-05,1.1336106651350394e-07
LD12TRUU Index,-3.7259162236399365e-07,-1.6236384444610766e-07,-1.944671958687413e-07,7.053124427446439e-08,-4.965820595497762e-08,1.1336106651350394e-07,2.4040715889395323e-08
