,SPTR5BNK Index,DJITR Index,SPXT Index,XAUUSD Curncy,XAGUSD Curncy,LT09TRUU Index,LD12TRUU Index
SPTR5BNK Index,0.00028964482149834573,0.0001449013380084448,0.00015348088536392071,-1.5187701366589305e-06,5.1598423331083624e-05,-1.207722658934574e-05,3.363419938262358e-08
DJITR Index,0.0001449013380084448,0.00011273184859709849,0.00012518581647899538,8.800722712262648e-06,4.773477179675505e-05,1.9911814234246635e-06,3.937538083169743e-08
SPXT Index,0.00015348088536392071,0.00012518581647899538,0.00015341596662041875,1.1417009337072666e-05,5.785120894724832e-05,4.014662235086563e-06,2.6567461554380553e-08
XAUUSD Curncy,-1.5187701366589305e-06,8.800722712262648e-06,1.1417009337072666e-05,7.432520842273704e-05,0.00010866452730350604,1.8725228994368922e-05,-1.4158484551754271e-08
XAGUSD Curncy,5.1598423331083624e-05,4.773477179675505e-05,5.785120894724832e-05,0.00010866452730350604,0.00026143037859257265,2.2570864332596234e-05,2.1256263313528775e-08
LT09TRUU Index,-1.207722658934574e-05,1.9911814234246635e-06,4.014662235086563e-06,1.8725228994368922e-05,2.2570864332596234e-05,2.627940714574411e-05,1.17627645905121e-08
LD12TRUU Index,3.363419938262358e-08,3.937538083169743e-08,2.6567461554380553e-08,-1.4158484551754271e-08,2.1256263313528775e-08,1.17627645905121e-08,2.8754549444475807e-09
